6976,100.0,Consumer Name,2024-06-12T17:21:01.286938200
1,pan,10.0,10,2024-06-12
1,pan,10.0,10,2024-06-12
1,pan,10.0,10,2024-06-12
1,pan,10.0,10,2024-06-12
1,pan,10.0,10,2024-06-12
1,pan,10.0,10,2024-06-12
1,pan,10.0,10,2024-06-12
1,pan,10.0,10,2024-06-12
1,pan,10.0,10,2024-06-12
1,pan,10.0,10,2024-06-12

3371,100.0,Consumer Name,2024-06-12T17:22:57.293262700
1,pan,10.0,10,2024-06-12
1,pan,10.0,10,2024-06-12
1,pan,10.0,10,2024-06-12
1,pan,10.0,10,2024-06-12
1,pan,10.0,10,2024-06-12
1,pan,10.0,10,2024-06-12
1,pan,10.0,10,2024-06-12
1,pan,10.0,10,2024-06-12
1,pan,10.0,10,2024-06-12
1,pan,10.0,10,2024-06-12

5996,10.0,Consumer Name,2024-06-12T17:23:52.670197100
1,pan,10.0,10,2024-06-12

